username_length,num_followers,num_following,posts_count,is_private,has_profile_pic,bio_length,avg_likes,avg_comments,account_age_days,follower_following_ratio,is_fake
16,909,889,82,0,1,121,339,16,1885,1.0224719101123596,0
11,38115,33,71,0,1,93,247,0,3953,1121.0588235294117,0
15,2605,138,88,0,1,135,200,16,3088,18.74820143884892,0
7,71697,255,77,0,1,192,148,1,234,280.0703125,0
7,23,429,3,0,0,9,2,1,304,0.05581395348837209,1
17,977,12,75,0,1,158,161,13,692,75.23076923076923,0
16,485,2932,88,0,1,85,261,15,578,0.16570064780088647,0
10,13418,1938,91,0,1,66,291,2,2095,6.92057761732852,0
6,4792,19,86,0,1,107,131,2,3962,239.65,0
10,4880,255,85,0,1,33,52,5,2825,19.06640625,0
17,12120,1508,89,1,1,96,236,7,1608,8.03247183565275,0
17,317,76,75,0,1,55,41,3,3645,4.12987012987013,0
11,18094,81,73,0,1,85,96,9,1959,220.67073170731706,0
6,229,197,4,0,1,4,6,1,395,1.1616161616161615,1
11,468,95,2,0,0,2,0,1,199,4.885416666666667,1
4,3118,196,90,1,1,163,107,14,1987,15.83248730964467,0
12,6188,44,81,0,1,151,212,12,2399,137.53333333333333,0
4,12737,16,70,0,0,103,132,0,3434,749.2941176470588,0
12,870,11,80,0,1,199,248,25,659,72.58333333333333,0
9,1455,40,93,1,1,32,252,13,3267,35.51219512195122,0
6,139,449,3,0,1,4,1,1,181,0.3111111111111111,1
15,42906,54,77,0,1,29,281,7,1546,780.1272727272727,0
11,1052,476,76,0,1,108,279,18,3447,2.207547169811321,0
13,33373,1059,91,0,1,177,83,8,2106,31.484905660377358,0
15,8854,124,85,0,1,154,100,10,1915,70.84,0
9,6961,65,90,1,1,10,155,4,246,105.48484848484848,0
11,20664,2751,80,1,1,96,47,16,3745,7.509084302325581,0
10,71,340,3,0,0,12,3,2,278,0.21114369501466276,1
6,31,108,2,0,0,13,0,1,254,0.29357798165137616,1
10,417,2359,93,0,1,100,198,17,715,0.17711864406779662,0
10,72548,1472,84,0,1,37,405,0,1836,49.25254582484725,0
4,79979,1833,71,0,0,39,297,0,2852,43.60959651035987,0
5,48,77,4,0,1,3,3,0,192,0.6282051282051282,1
6,3400,85,88,1,1,117,287,16,3114,39.54651162790697,0
4,6852,174,77,0,1,193,188,8,3655,39.16,0
13,12011,132,74,0,1,155,108,11,3964,90.3157894736842,0
10,97685,13,86,1,1,13,223,20,3524,6977.571428571428,0
9,252,40,3,1,0,0,1,0,327,6.170731707317073,1
7,50,364,5,0,0,29,2,0,1,0.13972602739726028,1
15,80432,86,74,0,1,48,155,13,1014,924.5172413793103,0
9,706,756,3,0,0,0,5,2,144,0.9339498018494056,1
6,36,842,5,0,0,27,0,0,145,0.04389086595492289,1
8,34236,515,70,1,1,51,167,18,1228,66.35077519379846,0
4,27797,158,87,1,1,165,0,2,584,174.83018867924528,0
10,45899,1077,81,1,1,149,61,4,2248,42.57884972170687,0
8,25,656,3,0,0,2,5,0,54,0.0395738203957382,1
9,566,127,1,0,1,1,2,0,306,4.4296875,1
17,7709,16,86,0,1,34,267,12,2380,453.52941176470586,0
5,713,173,6,0,0,22,0,1,8,4.103448275862069,1
7,2312,1745,79,0,1,151,89,18,881,1.324742268041237,0
8,7443,216,76,0,1,159,66,11,2597,34.30414746543779,0
16,320,1481,65,1,1,60,434,7,2325,0.2165991902834008,0
16,452,23,68,1,1,22,332,0,3286,18.875,0
10,2774,11,75,0,1,149,108,0,3665,231.25,0
8,91,237,8,0,0,24,0,0,198,0.3865546218487395,1
7,42368,16,89,1,1,35,182,9,1446,2492.294117647059,0
7,868,628,7,0,0,21,0,1,20,1.381558028616852,1
4,10630,52,82,0,1,165,60,0,460,200.58490566037736,0
15,1010,514,65,0,1,147,0,3,3877,1.963106796116505,0
8,37717,2585,68,1,1,39,172,12,3843,14.585460170146945,0
11,452,422,6,0,1,7,0,0,179,1.070921985815603,1
4,23389,180,77,1,1,183,0,3,1402,129.22651933701658,0
7,30553,354,81,1,1,101,266,15,2536,86.06760563380281,0
9,19282,171,87,0,1,113,117,2,3428,112.11046511627907,0
16,1183,639,86,0,1,47,291,12,3525,1.85,0
9,28,136,4,0,1,10,2,1,324,0.2116788321167883,1
8,259,53,7,1,1,21,0,1,55,4.814814814814815,1
8,2807,725,71,0,1,29,0,0,2594,3.8677685950413223,0
14,382,1913,73,0,0,165,279,0,861,0.2001044932079415,0
5,14415,27,103,0,1,193,80,2,1959,514.8571428571429,0
10,3689,998,76,0,1,148,64,10,2837,3.6936936936936937,0
5,111,144,3,0,1,9,4,0,380,0.7724137931034483,1
10,20,374,2,0,1,28,0,1,229,0.056,1
4,7794,633,83,1,1,186,71,2,1143,12.294952681388013,0
13,517,33,82,1,1,152,270,5,906,15.235294117647058,0
15,37725,72,88,1,1,90,107,12,3429,516.7945205479452,0
17,4760,28,80,1,1,29,75,6,3506,164.17241379310346,0
13,6519,26,74,1,1,104,58,9,1900,241.4814814814815,0
13,19975,18,69,0,1,102,349,18,654,1051.3684210526317,0
4,3523,90,80,0,1,55,167,8,228,38.72527472527472,0
11,3917,1944,86,1,1,156,161,11,1512,2.01439588688946,0
7,803,1270,69,0,1,44,145,24,1138,0.6325727773406766,0
12,1306,1116,89,0,1,23,268,5,3064,1.170098478066249,0
13,16842,201,87,1,1,29,182,15,3842,83.38118811881188,0
8,218,36,5,0,0,7,5,0,103,5.918918918918919,1
11,1188,20,64,0,1,112,310,12,3787,56.61904761904762,0
4,299,190,5,0,0,2,1,0,272,1.5706806282722514,1
10,62,43,3,0,0,17,0,0,153,1.4318181818181819,1
8,93176,117,77,0,1,65,217,0,1006,789.6355932203389,0
9,159,717,5,0,0,10,0,0,241,0.22284122562674094,1
11,50,38,8,0,0,23,0,0,123,1.3076923076923077,1
12,408,1350,97,0,1,42,256,2,1825,0.3027387120651369,0
8,1123,510,64,0,1,97,168,16,3311,2.1996086105675148,0
14,45838,683,80,0,1,52,248,14,3616,67.01608187134502,0
7,172,425,3,0,0,10,2,0,82,0.4061032863849765,1
9,326,77,2,0,0,1,3,2,163,4.1923076923076925,1
6,25267,225,104,0,1,26,171,13,1465,111.80530973451327,0
11,260,39,3,0,1,28,8,0,381,6.525,1
16,359,64,80,0,1,178,231,9,3370,5.538461538461538,0
10,6569,1160,74,1,1,31,0,5,769,5.658914728682171,0
10,310,63,6,0,0,26,3,1,387,4.859375,1
7,11,760,4,0,0,5,0,0,214,0.01576872536136662,1
8,9454,121,79,0,1,170,272,1,3048,77.5,0
4,12,166,3,0,1,19,5,0,242,0.07784431137724551,1
5,6848,1608,65,0,1,170,365,15,342,4.256681168427595,0
10,14995,2392,68,0,1,164,194,8,1913,6.266610948600084,0
7,2231,1089,65,0,1,158,80,9,3971,2.0477064220183485,0
6,281,245,8,0,0,18,2,0,202,1.146341463414634,1
16,479,11,73,1,1,193,196,18,2979,40.0,0
7,5782,228,80,0,1,70,308,13,494,25.253275109170307,0
6,1620,79,77,1,1,30,209,12,1822,20.2625,0
17,84817,28,91,0,1,115,335,24,3355,2924.7586206896553,0
9,13499,60,77,0,1,188,0,5,2534,221.31147540983608,0
6,4027,67,79,0,1,12,330,16,775,59.23529411764706,0
15,390,693,84,1,1,160,170,18,1474,0.5634005763688761,0
5,92625,20,72,0,1,63,159,0,1429,4410.761904761905,0
7,92592,2587,84,0,1,182,201,0,2398,35.77782071097373,0
16,722,2236,86,0,1,161,278,8,285,0.32320071524362987,0
4,39381,2298,85,0,1,117,282,19,3418,17.13005654632449,0
9,61,299,3,1,0,15,0,0,159,0.20666666666666667,1
7,199,444,8,0,1,25,6,0,316,0.449438202247191,1
4,1241,85,72,0,1,78,150,22,2332,14.44186046511628,0
11,494,743,4,0,0,22,3,1,379,0.6653225806451613,1
8,975,10,84,0,1,19,138,0,986,88.72727272727273,0
16,11050,203,84,0,1,110,331,16,2836,54.17156862745098,0
12,6400,20,91,0,1,174,51,8,2045,304.8095238095238,0
11,6550,19,80,1,1,126,238,7,2399,327.55,0
13,1377,56,86,0,1,151,49,27,2489,24.17543859649123,0
4,21987,1435,72,0,1,164,0,16,1300,15.311977715877438,0
17,715,48,82,0,1,173,218,23,1390,14.612244897959183,0
7,14,693,3,0,0,1,0,0,160,0.021613832853025938,1
9,9594,501,72,0,1,176,233,25,2601,19.11354581673307,0
7,447,254,102,0,1,110,136,2,3159,1.7568627450980392,0
15,89761,153,77,1,0,108,59,16,485,582.8701298701299,0
9,1388,932,91,0,1,146,115,6,2996,1.4887459807073955,0
8,2321,39,80,0,1,59,203,5,2390,58.05,0
8,60,178,6,0,1,14,0,0,130,0.3407821229050279,1
17,86901,400,89,1,1,18,88,17,2730,216.713216957606,0
12,14647,20,79,0,1,16,141,13,3924,697.5238095238095,0
7,75,45,5,0,0,1,6,0,56,1.6521739130434783,1
10,1252,22,68,0,1,101,169,10,3032,54.47826086956522,0
15,1843,362,81,0,1,66,0,20,2402,5.079889807162535,0
17,875,92,104,0,1,83,359,16,2111,9.419354838709678,0
4,2035,1218,83,0,0,192,148,27,1991,1.6702214930270713,0
13,657,1450,73,1,1,161,326,8,2644,0.4534803583735355,0
4,14019,2275,89,0,1,192,220,14,958,6.1599297012302285,0
14,4219,36,93,1,1,176,391,11,1044,114.05405405405405,0
10,19534,15,63,1,1,62,178,9,635,1220.9375,0
10,369,107,4,0,0,16,4,0,329,3.425925925925926,1
5,335,43,73,1,1,118,56,7,2082,7.636363636363637,0
9,93,759,3,0,0,8,0,0,124,0.12368421052631579,1
5,72059,39,68,1,1,126,186,12,2744,1801.5,0
5,12307,35,81,0,1,154,197,4,482,341.8888888888889,0
10,102,576,9,0,0,15,3,1,3,0.17850953206239167,1
11,24,660,8,0,1,11,0,1,377,0.037821482602118005,1
6,40264,149,80,0,1,142,176,17,2028,268.43333333333334,0
9,17339,10,83,1,1,123,153,18,3786,1576.3636363636363,0
13,8011,252,83,1,1,64,280,0,2458,31.66798418972332,0
16,23163,2850,72,0,1,98,63,0,1369,8.12486846720449,0
4,9898,690,84,0,1,147,287,7,274,14.32561505065123,0
5,149,59,2,0,1,12,3,0,51,2.5,1
5,507,68,7,0,1,23,4,1,182,7.36231884057971,1
15,689,755,63,0,1,167,256,4,1105,0.9126984126984127,0
9,3734,1294,74,1,0,86,0,17,3790,2.884169884169884,0
5,21434,234,68,0,1,124,256,2,2561,91.2127659574468,0
8,203,62,5,0,0,9,2,0,289,3.238095238095238,1
16,1170,102,81,0,1,102,0,9,1737,11.368932038834952,0
12,14878,143,78,0,1,172,113,3,810,103.32638888888889,0
4,1007,44,70,1,1,124,192,3,2875,22.4,0
6,782,218,5,0,1,6,5,1,178,3.5753424657534247,1
8,81506,32,81,1,1,89,275,0,2167,2469.909090909091,0
5,20,349,7,0,1,27,0,1,366,0.06,1
12,32285,183,83,1,1,132,153,7,2600,175.4673913043478,0
7,53167,15,86,1,1,182,184,6,3648,3323.0,0
15,4447,78,80,0,1,25,78,23,2793,56.30379746835443,0
5,23554,424,83,1,1,19,91,12,682,55.423529411764704,0
15,16001,26,64,0,1,51,29,4,2474,592.6666666666666,0
8,202,808,8,0,0,3,0,0,147,0.25092707045735474,1
9,90,33,3,0,1,2,4,1,173,2.676470588235294,1
10,131,276,4,0,0,8,1,0,89,0.47653429602888087,1
8,39,89,7,0,0,16,0,0,267,0.4444444444444444,1
5,140,307,5,0,0,0,0,0,147,0.4577922077922078,1
8,21,835,5,0,1,11,2,1,361,0.02631578947368421,1
10,3291,1693,83,0,1,189,123,0,1647,1.9433293978748525,0
16,4849,300,81,0,1,152,112,3,540,16.11295681063123,0
17,3104,12,74,0,1,25,162,0,3312,238.84615384615384,0
14,409,133,96,0,1,76,182,14,3539,3.0597014925373136,0
4,36264,2441,89,0,1,179,167,5,3097,14.850532350532351,0
7,2881,138,76,0,1,80,123,4,1993,20.73381294964029,0
12,13065,1659,83,0,1,43,195,15,2914,7.871084337349398,0
8,13,199,1,0,0,0,1,0,357,0.07,1
4,1096,146,89,0,1,168,6,17,2221,7.462585034013605,0
7,28,119,5,0,0,27,0,1,156,0.24166666666666667,1
7,409,803,99,0,1,167,82,8,325,0.5099502487562189,0
4,15588,326,76,1,1,136,16,10,3937,47.67278287461774,0
9,65176,108,77,0,1,174,138,11,3358,597.954128440367,0
5,36878,2884,77,0,1,169,465,0,564,12.783015597920278,0
6,475,108,7,0,0,28,8,0,139,4.36697247706422,1
16,96520,1587,83,0,1,89,160,9,2860,60.781486146095716,0
6,677,303,83,0,0,143,68,10,1407,2.2302631578947367,0
17,385,2654,100,0,1,74,0,20,3373,0.14538606403013182,0
17,25380,92,80,0,1,86,403,0,3019,272.9139784946237,0
6,25,46,7,0,1,15,8,0,277,0.5531914893617021,1
5,2155,680,81,1,1,30,85,16,2894,3.165932452276065,0
7,38491,709,69,1,1,131,191,15,2950,54.21408450704225,0
12,20317,50,85,0,1,146,0,11,3183,398.3921568627451,0
5,30640,585,60,0,1,38,254,4,1173,52.28839590443686,0
10,58247,63,79,0,1,25,101,0,1504,910.125,0
4,19928,1470,79,0,1,118,246,2,1211,13.547926580557444,0
9,8095,19,95,0,1,38,190,2,1298,404.8,0
4,1967,10,80,0,1,91,33,29,2637,178.9090909090909,0
12,509,2124,90,0,1,104,0,0,3839,0.24,0
8,17,36,7,0,0,3,0,1,21,0.4864864864864865,1
6,12893,13,76,0,1,51,184,3,426,921.0,0
15,44400,29,81,1,1,170,274,9,2216,1480.0333333333333,0
10,164,87,5,0,0,3,5,1,54,1.875,1
15,561,524,73,1,1,146,123,0,2358,1.0704761904761906,0
15,9723,10,79,0,1,88,0,7,2712,884.0,0
13,43936,274,64,0,1,139,162,22,3003,159.7709090909091,0
15,318,56,90,1,1,49,0,3,394,5.5964912280701755,0
8,31,168,9,0,0,11,4,0,25,0.1893491124260355,1
8,35,938,8,0,1,25,0,2,54,0.038338658146964855,1
9,6670,40,80,0,1,90,183,22,2549,162.70731707317074,0
17,7983,1445,79,0,1,79,203,12,1891,5.521438450899032,0
12,982,2390,73,0,1,122,214,16,2372,0.411125052279381,0
6,61,849,7,1,1,28,1,0,74,0.07294117647058823,1
7,711,69,5,0,0,2,12,0,327,10.17142857142857,1
7,533,12,61,0,1,177,198,0,3362,41.07692307692308,0
4,1261,30,95,0,1,109,202,3,2160,40.70967741935484,0
8,274,221,5,0,0,13,1,2,399,1.2387387387387387,1
16,9502,29,75,0,1,72,231,7,2120,316.76666666666665,0
11,36886,13,86,0,1,38,163,18,3519,2634.785714285714,0
16,392,20,87,0,1,105,46,15,1838,18.714285714285715,0
16,3923,1610,60,0,1,168,229,13,3614,2.435754189944134,0
17,2057,604,89,0,1,122,0,6,1245,3.4016528925619833,0
8,748,89,78,0,1,13,243,0,2973,8.322222222222223,0
7,74648,380,68,1,1,55,222,8,1311,195.9291338582677,0
10,4511,2006,85,1,1,173,83,1,461,2.2481315396113604,0
8,43786,566,86,1,1,199,304,0,3111,77.2257495590829,0
5,10,471,4,0,0,5,3,0,339,0.023305084745762712,1
8,19775,1434,70,0,1,127,172,11,3366,13.781184668989548,0
10,1956,1099,80,0,1,118,158,4,3397,1.779090909090909,0
8,2412,357,75,0,1,63,69,8,3760,6.740223463687151,0
8,478,32,77,1,1,18,230,15,3748,14.515151515151516,0
16,2056,2255,95,0,1,70,331,5,3745,0.911790780141844,0
4,2324,98,73,0,1,128,374,13,353,23.484848484848484,0
10,851,2059,63,0,1,115,395,16,3165,0.41359223300970877,0
10,134,149,4,0,0,24,3,0,379,0.9,1
7,252,331,1,0,0,3,4,1,288,0.7620481927710844,1
9,568,10,78,1,1,160,181,12,2626,51.72727272727273,0
5,982,69,6,0,0,0,0,0,290,14.042857142857143,1
16,3646,34,82,0,1,86,209,13,3714,104.2,0
11,1001,348,87,0,1,77,221,5,494,2.871060171919771,0
15,61396,1411,78,0,1,172,389,3,1772,43.48229461756374,0
5,446,86,2,0,0,21,4,0,242,5.137931034482759,1
9,792,25,63,0,1,113,124,20,1163,30.5,0
7,64774,128,81,1,1,92,69,18,2791,502.13178294573646,0
8,45,107,6,0,1,9,1,1,313,0.42592592592592593,1
12,796,483,70,0,1,149,224,13,684,1.646694214876033,0
5,39,205,6,0,0,10,0,0,399,0.1941747572815534,1
11,170,216,6,0,1,1,1,2,317,0.7880184331797235,1
11,16989,32,77,0,1,57,214,20,2418,514.8484848484849,0
16,3313,1637,72,1,1,77,299,11,704,2.023199023199023,0
4,93,100,6,0,1,18,0,0,136,0.9306930693069307,1
7,23,411,8,0,0,13,0,0,62,0.05825242718446602,1
15,20269,438,86,0,1,53,323,0,1705,46.17312072892938,0
10,12,235,6,0,1,26,0,0,220,0.05508474576271186,1
13,58961,788,82,1,1,66,138,0,3540,74.73003802281369,0
11,25,93,5,0,1,11,0,0,318,0.2765957446808511,1
11,125,199,6,0,1,9,5,1,388,0.63,1
10,931,16,85,0,0,67,82,0,807,54.8235294117647,0
8,11887,1397,88,0,1,161,377,4,2137,8.503576537911302,0
6,422,363,6,0,0,15,0,0,187,1.1620879120879122,1
9,135,93,2,0,1,3,5,2,208,1.446808510638298,1
16,9275,283,78,0,1,91,194,0,1538,32.66197183098591,0
8,89700,420,89,0,1,143,97,18,2941,213.0665083135392,0
10,64955,379,61,1,1,154,198,1,3531,170.93684210526317,0
11,18316,137,84,0,0,116,0,0,731,132.731884057971,0
6,189,851,6,0,1,28,0,0,128,0.22300469483568075,1
10,50966,444,72,1,1,185,179,11,1296,114.53258426966292,0
7,27,344,6,0,1,9,0,0,364,0.08115942028985507,1
14,4707,46,66,0,1,130,215,0,1316,100.17021276595744,0
15,36859,82,76,1,1,8,100,2,2630,444.09638554216866,0
11,14,168,5,0,1,15,2,0,65,0.08875739644970414,1
13,35971,13,78,1,1,119,170,1,3303,2569.4285714285716,0
7,10,192,7,0,0,29,2,1,77,0.05699481865284974,1
13,47207,101,87,0,1,57,40,4,1460,462.8235294117647,0
9,10224,276,81,1,1,142,63,8,1400,36.91335740072202,0
8,390,57,5,0,1,17,1,0,337,6.741379310344827,1
4,7688,31,74,1,1,76,71,4,2946,240.28125,0
8,4631,796,69,0,1,107,129,14,2485,5.811794228356336,0
8,223,440,2,0,0,11,0,0,180,0.5079365079365079,1
12,3939,1252,70,0,1,19,333,8,1216,3.1444533120510774,0
11,63961,548,83,0,1,99,62,16,932,116.5063752276867,0
11,721,120,1,0,0,8,0,0,344,5.966942148760331,1
6,1715,12,84,0,1,32,189,14,3489,132.0,0
7,844,32,6,0,0,17,2,0,208,25.606060606060606,1
9,451,17,70,0,1,29,181,15,3631,25.11111111111111,0
6,1720,19,98,0,1,48,0,0,2598,86.05,0
15,59284,60,85,0,1,126,272,12,827,971.8852459016393,0
17,5182,19,69,0,1,126,259,10,3383,259.15,0
10,14016,2132,89,0,1,142,206,14,2252,6.57149554617909,0
8,4570,19,63,1,0,34,106,13,1825,228.55,0
11,39,808,6,0,1,22,0,0,182,0.049443757725587144,1
10,437,164,5,0,0,5,0,0,72,2.6545454545454548,1
9,334,470,2,0,0,22,0,0,5,0.7112526539278131,1
9,799,437,86,0,1,23,273,20,2139,1.82648401826484,0
13,38380,1088,83,0,1,36,174,23,1351,35.244260789715334,0
17,900,24,90,0,1,198,0,12,991,36.04,0
10,824,67,12,0,0,25,0,0,93,12.132352941176471,1
11,73,74,8,0,0,18,5,0,291,0.9866666666666667,1
7,58,268,6,0,0,28,0,0,256,0.21933085501858737,1
4,20,57,5,0,1,19,0,0,11,0.3620689655172414,1
9,889,50,4,0,0,17,3,1,144,17.45098039215686,1
15,1924,41,85,0,0,63,441,20,2319,45.833333333333336,0
10,106,61,2,0,0,3,1,0,349,1.7258064516129032,1
8,511,33,87,0,1,199,382,8,1659,15.058823529411764,0
13,1050,55,94,1,1,134,353,3,3212,18.767857142857142,0
9,60,351,6,0,0,14,0,0,288,0.17329545454545456,1
5,12,305,2,1,0,8,4,2,189,0.042483660130718956,1
8,26303,121,79,0,1,20,261,14,1086,215.60655737704917,0
10,347,1111,72,0,1,112,133,7,1017,0.3129496402877698,0
16,688,23,87,0,1,32,61,15,643,28.708333333333332,0
4,178,417,2,0,1,10,3,0,12,0.42822966507177035,1
15,371,360,79,0,1,159,290,14,3465,1.0304709141274238,0
15,9550,25,81,0,1,62,21,7,235,367.34615384615387,0
9,112,352,6,0,0,3,0,0,231,0.32011331444759206,1
9,16276,1806,90,0,1,149,58,12,571,9.007747648035417,0
14,1765,1690,81,0,1,145,159,14,3472,1.0443524541691307,0
12,2884,463,77,0,1,171,146,12,2301,6.217672413793103,0
6,606,156,7,0,1,11,5,1,73,3.8662420382165603,1
6,99,393,2,0,0,20,0,1,200,0.25380710659898476,1
11,36,88,6,0,0,10,1,0,390,0.4157303370786517,1
9,13563,24,69,0,1,72,221,2,2101,542.56,0
6,60027,11,75,1,1,189,161,12,1703,5002.333333333333,0
9,41,113,7,0,0,27,0,0,79,0.3684210526315789,1
12,3444,92,84,0,1,91,339,5,2072,37.043010752688176,0
4,22,78,4,0,0,3,8,1,189,0.2911392405063291,1
16,1366,54,81,0,1,160,57,6,758,24.854545454545455,0
10,155,41,8,0,1,0,0,0,44,3.7142857142857144,1
9,4718,113,93,1,1,171,79,16,1925,41.39473684210526,0
5,12879,89,61,1,1,169,118,0,1090,143.11111111111111,0
4,5739,14,79,0,1,99,422,17,419,382.6666666666667,0
4,8492,28,62,1,1,78,0,15,1124,292.86206896551727,0
6,914,32,77,0,1,151,108,14,2369,27.727272727272727,0
7,329,11,81,1,1,82,171,0,2220,27.5,0
13,73270,1274,74,0,1,158,244,18,619,57.46745098039216,0
14,16858,663,66,0,1,96,16,24,310,25.390060240963855,0
7,8892,11,104,0,1,152,209,5,1289,741.0833333333334,0
16,4872,2023,64,0,1,39,293,1,1237,2.407608695652174,0
7,95,279,3,0,0,27,5,0,379,0.34285714285714286,1
17,445,537,69,0,1,91,69,10,2787,0.828996282527881,0
15,96650,10,86,0,1,69,0,1,3614,8786.454545454546,0
10,9387,2221,76,0,1,95,0,12,1526,4.2250225022502255,0
13,4814,12,85,1,1,25,232,21,1812,370.38461538461536,0
7,1423,111,83,0,0,138,125,12,1101,12.714285714285714,0
17,577,20,82,0,1,120,219,0,2949,27.523809523809526,0
12,360,1426,82,0,1,29,188,11,1864,0.2529782761037141,0
4,1485,31,73,0,1,126,217,3,1233,46.4375,0
7,8860,10,76,0,1,113,137,17,987,805.5454545454545,0
10,228,789,5,0,0,2,0,0,37,0.289873417721519,1
11,398,190,83,0,1,183,96,2,3454,2.089005235602094,0
5,81851,117,83,0,1,79,304,16,1178,693.6610169491526,0
15,1489,31,77,1,1,181,298,21,3813,46.5625,0
12,57295,46,89,0,1,21,243,6,3426,1219.063829787234,0
7,19,343,6,0,1,5,1,0,176,0.05813953488372093,1
11,1227,2285,92,1,1,113,273,16,1535,0.537182852143482,0
6,48151,26,61,0,1,176,210,6,1521,1783.4074074074074,0
5,3195,278,75,1,1,7,78,12,315,11.455197132616487,0
16,63896,22,75,0,1,83,125,5,761,2778.1304347826085,0
11,17296,375,91,1,1,120,200,10,1669,46.00265957446808,0
17,2292,200,78,0,1,42,131,4,2633,11.407960199004975,0
17,47090,211,79,1,1,54,30,24,3544,222.12735849056602,0
10,24004,191,75,1,1,152,54,31,1649,125.02604166666667,0
12,7665,191,74,1,1,101,188,11,2344,39.927083333333336,0
7,105,105,4,1,0,22,0,1,113,1.0,1
5,4270,704,85,1,1,186,183,9,2495,6.058156028368795,0
10,24345,41,91,1,1,179,0,5,2938,579.6666666666666,0
7,37051,10,75,0,1,87,68,9,810,3368.3636363636365,0
16,48951,1833,80,0,1,116,285,0,1430,26.691384950926935,0
9,272,84,2,0,1,5,3,0,379,3.211764705882353,1
11,26,47,2,0,1,20,0,0,302,0.5625,1
9,122,54,7,0,0,17,0,0,23,2.2363636363636363,1
10,1420,2654,86,1,1,73,198,5,3880,0.5352165725047081,0
9,2844,867,76,0,1,173,349,11,3585,3.2776497695852536,0
5,64592,1124,82,1,1,94,298,13,2373,57.416,0
4,981,39,75,0,1,19,246,17,3765,24.55,0
13,892,18,92,0,0,195,283,11,2784,47.0,0
14,522,32,81,0,1,61,149,8,1541,15.848484848484848,0
7,711,55,7,0,1,17,2,0,157,12.714285714285714,1
5,5688,286,82,0,1,23,146,3,1377,19.822299651567945,0
15,11497,1184,81,0,1,135,288,8,3626,9.702953586497891,0
7,762,272,5,0,0,28,8,0,148,2.7948717948717947,1
12,1116,19,82,0,1,199,139,14,3557,55.85,0
13,6495,586,73,0,1,172,240,0,3525,11.066439522998296,0
5,763,661,83,1,1,20,198,8,437,1.1540785498489425,0
7,628,66,89,0,1,52,0,13,2812,9.388059701492537,0
10,41578,28,78,1,1,19,98,4,1377,1433.7586206896551,0
8,39023,576,96,0,1,14,155,16,3509,67.63258232235702,0
13,20663,20,75,0,1,145,273,18,3392,984.0,0
8,17,48,4,0,0,25,2,0,10,0.3673469387755102,1
11,23,42,6,0,0,0,4,1,189,0.5581395348837209,1
15,42710,12,60,0,1,124,152,13,2304,3285.4615384615386,0
11,4880,906,87,1,1,78,339,10,2791,5.381477398015435,0
4,17,35,2,0,0,20,0,0,229,0.5,1
6,44874,73,84,0,1,57,176,7,338,606.418918918919,0
5,537,251,6,0,1,20,0,0,182,2.134920634920635,1
16,1124,194,66,1,1,86,314,0,1481,5.769230769230769,0
10,67829,274,68,1,1,145,239,12,3092,246.65454545454546,0
17,1880,31,94,0,1,89,1,5,3891,58.78125,0
8,97449,133,73,1,1,127,226,4,267,727.2388059701492,0
10,11,35,6,0,0,13,1,0,365,0.3333333333333333,1
17,559,117,83,0,1,55,221,5,2925,4.745762711864407,0
16,2938,50,84,1,1,168,323,20,1532,57.627450980392155,0
6,7185,430,74,0,1,182,49,15,2835,16.672853828306266,0
5,4850,26,76,0,1,174,282,5,3403,179.66666666666666,0
4,148,76,6,0,0,25,6,0,399,1.9350649350649352,1
17,2918,2610,85,1,1,53,225,13,3969,1.1179624664879357,0
8,13,542,6,0,1,18,0,0,117,0.02578268876611418,1
5,35592,10,79,0,1,14,33,17,284,3235.7272727272725,0
4,11,458,4,0,0,13,5,2,43,0.026143790849673203,1
13,1340,187,94,0,1,84,151,14,1115,7.132978723404255,0
12,78918,22,82,0,1,197,297,12,3498,3431.2608695652175,0
6,21135,78,62,0,1,188,245,0,3870,267.54430379746833,0
8,418,836,4,0,0,3,0,1,373,0.5005973715651135,1
10,116,128,6,0,0,24,0,0,286,0.9069767441860465,1
6,10,697,2,0,0,26,5,0,321,0.015759312320916905,1
16,5771,44,80,1,1,22,252,12,1305,128.26666666666668,0
9,710,309,4,0,0,17,0,0,4,2.293548387096774,1
11,77,95,4,0,0,0,2,0,298,0.8125,1
15,6098,887,81,1,1,45,241,22,702,6.868243243243243,0
5,457,309,87,1,0,182,0,4,2762,1.4774193548387098,0
13,627,14,80,0,1,142,31,3,3917,41.86666666666667,0
11,255,67,6,0,0,11,0,0,302,3.764705882352941,1
6,194,59,5,0,0,10,0,1,396,3.25,1
7,505,37,4,0,0,2,0,0,11,13.31578947368421,1
8,137,280,2,0,0,8,3,0,226,0.49110320284697506,1
12,7672,55,79,0,1,170,220,15,3872,137.01785714285714,0
4,38531,277,84,0,0,170,0,9,1814,138.6043165467626,0
15,30727,25,67,1,1,173,200,8,1315,1181.8461538461538,0
8,305,291,5,0,1,20,3,1,351,1.047945205479452,1
16,44209,26,78,1,1,15,241,14,2982,1637.4074074074074,0
5,460,1133,84,0,1,107,241,16,795,0.40652557319223986,0
6,552,14,82,1,1,193,230,8,3766,36.86666666666667,0
4,916,310,5,0,0,15,5,0,351,2.9485530546623795,1
11,82,41,7,0,0,18,1,0,248,1.9761904761904763,1
13,10336,379,81,0,1,84,121,12,748,27.20263157894737,0
10,3100,20,81,0,1,77,142,13,2040,147.66666666666666,0
15,19455,521,93,0,1,70,252,13,1352,37.272030651341,0
13,912,18,89,0,1,86,226,13,1591,48.05263157894737,0
4,1929,2482,70,0,1,49,200,5,2787,0.7772855416834474,0
11,735,411,72,0,1,83,255,9,2060,1.7864077669902914,0
13,320,2882,94,1,1,11,124,12,375,0.1113423517169615,0
12,10819,36,81,0,1,192,79,2,3581,292.43243243243245,0
10,577,114,88,0,1,120,169,19,2315,5.026086956521739,0
8,21,48,3,0,0,25,4,0,159,0.4489795918367347,1
17,2261,28,85,0,1,6,176,7,3500,78.0,0
7,182,139,8,0,0,24,0,0,170,1.3071428571428572,1
16,1773,139,66,1,1,118,42,11,1652,12.67142857142857,0
13,1493,1119,73,1,1,48,224,20,1804,1.3339285714285714,0
4,13,399,4,0,0,2,0,2,141,0.035,1
6,438,83,1,0,0,1,0,0,69,5.226190476190476,1
15,10662,2879,76,0,1,122,167,10,2273,3.7024305555555554,0
11,3803,979,82,0,1,107,113,10,755,3.8816326530612244,0
6,79,104,7,0,1,26,2,0,190,0.7619047619047619,1
5,330,113,86,1,1,27,11,6,1295,2.9035087719298245,0
15,471,278,82,0,1,101,0,9,997,1.6917562724014337,0
8,980,166,8,0,0,5,1,1,26,5.874251497005988,1
6,12379,1764,79,1,1,142,67,15,278,7.014164305949008,0
12,65533,597,78,0,1,74,309,0,1626,109.5886287625418,0
10,1845,2544,105,0,1,96,253,12,532,0.7253438113948919,0
8,1320,2951,77,0,1,167,101,10,550,0.4474932249322493,0
14,2601,18,85,0,1,35,114,12,1418,136.94736842105263,0
12,379,20,83,0,1,69,219,8,397,18.095238095238095,0
15,5124,1753,94,1,1,198,217,5,3429,2.9218928164196125,0
8,75971,13,69,0,1,169,153,12,3794,5426.571428571428,0
5,17922,10,60,0,1,89,140,0,237,1629.3636363636363,0
12,5728,818,80,0,1,17,209,0,1024,6.995115995115995,0
7,335,238,2,0,1,4,6,0,200,1.405857740585774,1
7,7338,16,78,1,1,116,85,12,1812,431.70588235294116,0
11,378,70,6,0,0,25,5,1,270,5.338028169014085,1
4,34400,2189,80,0,1,23,78,18,2713,15.708219178082192,0
17,435,242,82,1,1,74,141,21,795,1.794238683127572,0
13,1250,2361,75,0,1,84,238,12,2263,0.5296359017781541,0
15,1762,479,75,0,1,31,61,15,3875,3.6729166666666666,0
9,3526,870,76,0,1,30,216,17,3982,4.049368541905856,0
13,3734,29,74,0,1,190,142,11,2535,124.5,0
17,1494,570,73,0,1,103,281,6,632,2.6182136602451838,0
7,285,47,5,0,1,21,2,1,90,5.958333333333333,1
15,2536,18,92,0,1,122,212,2,1916,133.52631578947367,0
11,23,35,5,0,0,3,1,0,121,0.6666666666666666,1
8,199,89,4,0,1,11,0,0,337,2.2222222222222223,1
17,84196,11,89,0,1,86,156,17,945,7016.416666666667,0
16,65563,161,75,0,1,57,0,1,2508,404.71604938271605,0
5,764,82,77,1,1,96,94,19,3782,9.216867469879517,0
5,77581,14,76,0,0,112,99,0,2139,5172.133333333333,0
15,13390,1469,66,1,1,45,203,5,2107,9.10952380952381,0
12,4565,27,76,0,1,32,266,13,1128,163.07142857142858,0
6,504,54,7,0,0,0,3,1,353,9.181818181818182,1
7,120,507,3,0,0,7,1,1,376,0.23818897637795275,1
5,800,95,5,0,0,10,0,0,136,8.34375,1
14,341,80,83,1,1,122,38,2,2691,4.222222222222222,0
16,8769,416,80,0,1,14,2,18,1106,21.031175059952037,0
12,1240,2800,77,0,1,60,99,6,3147,0.44305605141021065,0
7,31,293,4,1,0,28,1,1,90,0.10884353741496598,1
12,62963,59,72,1,1,163,423,0,1878,1049.4,0
4,37627,457,76,1,1,81,223,23,1964,82.15720524017468,0
6,16,57,10,0,0,11,1,0,240,0.29310344827586204,1
15,43890,513,92,1,1,23,97,10,1773,85.39105058365759,0
12,23456,33,71,0,1,180,239,8,601,689.9117647058823,0
9,947,157,2,0,1,7,1,2,244,6.0,1
6,31,172,7,0,1,13,4,2,331,0.18497109826589594,1
4,456,239,78,1,1,193,90,9,1641,1.9041666666666666,0
11,235,837,3,0,1,3,0,1,267,0.28162291169451076,1
14,7373,421,87,0,1,44,92,30,2746,17.473933649289098,0
9,603,46,80,0,1,142,29,16,248,12.851063829787234,0
8,606,130,6,0,0,27,0,0,80,4.633587786259542,1
5,396,183,5,0,1,15,3,0,124,2.157608695652174,1
9,52,613,3,0,1,10,1,1,275,0.08631921824104234,1
9,32539,2620,74,0,1,119,245,3,338,12.415108737123235,0
16,5120,54,73,0,1,114,58,0,3424,93.10909090909091,0
9,771,77,85,0,1,187,0,26,1279,9.897435897435898,0
8,890,547,5,0,0,21,0,0,289,1.6259124087591241,1
16,29942,136,75,1,1,52,186,11,3055,218.56204379562044,0
12,72637,33,80,0,1,104,128,13,222,2136.4117647058824,0
12,1316,12,66,0,1,94,74,2,3117,101.3076923076923,0
9,28100,827,63,1,1,40,197,3,3417,33.93840579710145,0
11,47,724,5,0,0,14,4,0,303,0.06620689655172414,1
5,15,627,3,0,0,9,3,2,376,0.025477707006369428,1
5,2952,977,75,1,1,133,106,3,1493,3.0194274028629855,0
6,13,49,6,0,0,4,0,1,42,0.28,1
14,1045,993,89,0,1,174,248,19,255,1.0523138832997987,0
13,1724,267,87,0,1,53,72,16,1178,6.436567164179104,0
11,2228,175,78,0,0,138,134,3,3278,12.664772727272727,0
4,52131,1667,87,0,1,76,128,20,1305,31.25419664268585,0
13,2298,25,82,0,1,198,199,5,1424,88.42307692307692,0
12,43019,697,92,1,1,73,207,0,2800,61.63323782234957,0
11,318,133,90,1,1,53,344,22,3558,2.3805970149253732,0
9,647,917,4,0,0,15,0,0,101,0.7058823529411765,1
5,9340,22,78,0,1,152,198,12,2601,406.1304347826087,0
13,1814,99,75,0,1,113,157,2,3156,18.15,0
15,1118,144,78,1,1,153,0,12,2957,7.7172413793103445,0
4,14666,1044,80,0,1,135,131,24,3729,14.035406698564593,0
5,854,66,6,0,1,13,0,0,166,12.761194029850746,1
8,1667,291,82,1,1,114,107,0,3339,5.712328767123288,0
9,477,36,88,0,1,162,0,5,3616,12.91891891891892,0
5,29,63,4,0,1,21,0,0,112,0.46875,1
9,26418,46,87,0,1,142,404,8,3952,562.1063829787234,0
5,467,430,2,0,0,24,0,0,220,1.08584686774942,1
6,1433,13,72,1,1,153,175,14,3381,102.42857142857143,0
11,15164,212,66,1,1,184,389,19,404,71.19718309859155,0
7,13270,556,84,0,1,23,140,4,3348,23.825852782764812,0
8,2863,781,75,0,0,147,331,13,3429,3.662404092071611,0
17,50843,11,87,0,0,16,186,16,3330,4237.0,0
17,77615,212,77,0,1,27,100,18,3077,364.3943661971831,0
7,488,277,84,0,1,194,211,14,1536,1.7589928057553956,0
9,6942,2172,75,0,1,180,191,13,2952,3.1951219512195124,0
9,792,1740,77,1,1,69,210,15,2304,0.45548535324526135,0
6,38879,17,85,0,1,158,152,0,2716,2160.0,0
16,496,77,87,1,1,141,55,22,3990,6.371794871794871,0
17,11020,10,73,0,1,194,106,0,428,1001.9090909090909,0
4,369,123,5,0,0,7,0,1,147,2.9838709677419355,1
9,4559,1658,79,0,1,94,89,0,1444,2.748643761301989,0
10,2210,93,73,0,0,27,69,11,561,23.52127659574468,0
7,140,285,7,0,1,14,6,0,65,0.493006993006993,1
15,1879,63,90,0,1,57,79,2,1358,29.375,0
13,6608,2652,86,0,1,56,69,18,1974,2.4911421032793064,0
13,17886,19,88,1,1,165,129,7,3845,894.35,0
5,1609,141,85,0,1,61,253,15,3050,11.338028169014084,0
7,413,362,83,0,1,36,109,11,934,1.140495867768595,0
5,1499,1139,80,0,1,102,0,9,2215,1.3157894736842106,0
11,676,777,74,1,1,153,103,11,2785,0.8701799485861182,0
9,347,65,5,0,0,24,0,0,200,5.2727272727272725,1
12,24749,783,73,0,1,87,35,7,1873,31.568877551020407,0
4,68386,28,73,0,1,27,158,0,2797,2358.1724137931033,0
6,135,373,8,0,1,17,0,0,103,0.36363636363636365,1
12,52362,83,69,0,1,6,160,1,1890,623.3690476190476,0
9,217,622,7,0,0,15,4,0,198,0.34991974317817015,1
11,23023,15,60,0,1,190,162,12,1166,1439.0,0
13,48699,56,66,0,1,158,306,10,768,854.3859649122807,0
11,74915,243,76,0,1,5,144,0,2660,307.0327868852459,0
4,18,139,5,0,0,13,6,0,139,0.1357142857142857,1
9,14834,2701,83,0,1,149,0,23,3877,5.490377498149519,0
9,26,404,6,0,0,26,2,0,310,0.06666666666666667,1
4,6045,46,79,1,1,41,176,5,280,128.63829787234042,0
9,258,71,5,0,0,15,2,1,364,3.5972222222222223,1
17,10243,20,64,0,1,141,152,26,2073,487.8095238095238,0
5,237,97,5,0,0,27,4,1,337,2.4285714285714284,1
9,239,89,5,0,0,24,0,2,311,2.6666666666666665,1
4,36545,163,81,0,1,14,28,26,3339,222.84146341463415,0
8,743,243,81,0,1,27,109,0,700,3.0491803278688523,0
14,361,1745,72,0,1,126,117,22,2233,0.2073310423825888,0
9,26929,1276,87,1,1,30,0,6,799,21.088488645262334,0
16,99371,330,77,0,1,82,95,10,2291,300.2175226586103,0
16,46901,1219,90,0,1,163,154,18,2805,38.44426229508197,0
7,14741,10,92,0,1,160,176,6,2132,1340.1818181818182,0
4,34109,2480,91,0,1,100,102,13,2703,13.748488512696493,0
7,38215,20,68,1,1,58,169,17,2447,1819.8095238095239,0
8,97,875,8,1,1,28,6,2,141,0.11187214611872145,1
8,628,36,80,1,1,76,0,0,2720,17.0,0
6,151,963,2,0,1,2,2,0,228,0.15767634854771784,1
4,182,149,6,0,0,11,5,0,57,1.22,1
9,15,845,6,0,1,18,2,0,301,0.018912529550827423,1
5,36438,331,78,0,1,181,30,14,3132,109.75602409638554,0
5,39955,1315,89,0,1,164,0,5,3067,30.361702127659573,0
15,22964,2679,78,0,1,37,411,11,3763,8.569029850746269,0
5,56616,752,80,0,1,146,263,11,2068,75.18857901726427,0
5,2451,34,87,0,1,184,64,11,3004,70.05714285714286,0
6,421,425,5,0,1,16,5,0,208,0.9906103286384976,1
5,551,103,8,0,1,6,6,2,195,5.3076923076923075,1
10,1516,26,83,0,1,151,175,17,2216,56.18518518518518,0
6,40924,1753,73,0,0,91,96,8,2235,23.332383124287343,0
9,25414,220,90,0,1,58,75,10,3550,115.0,0
13,716,397,61,0,1,116,130,3,1406,1.8015075376884422,0
15,6586,22,65,1,1,32,8,12,2035,286.39130434782606,0
13,32707,2980,77,0,0,46,35,13,2896,10.972156994297215,0
10,70,74,6,0,1,24,2,0,55,0.9466666666666667,1
8,274,180,4,0,1,2,4,0,198,1.5193370165745856,1
12,12477,52,74,1,1,25,309,27,643,235.43396226415095,0
5,201,389,0,0,0,11,0,0,24,0.517948717948718,1
13,1941,19,67,1,1,103,92,0,2051,97.1,0
12,1187,194,94,0,1,171,205,23,2218,6.092307692307692,0
6,23,142,4,0,1,2,6,1,382,0.16783216783216784,1
9,29,393,5,0,0,9,4,1,296,0.07614213197969544,1
8,3571,106,72,0,1,84,154,7,2944,33.38317757009346,0
15,964,73,76,1,0,45,273,0,1174,13.04054054054054,0
5,3884,36,77,1,1,96,118,32,3178,105.0,0
14,72848,160,82,0,1,177,293,9,2628,452.4782608695652,0
7,32,672,4,1,0,24,3,1,139,0.04903417533432392,1
4,15823,333,87,0,1,106,309,17,615,47.377245508982035,0
10,70956,44,88,1,1,113,32,8,2452,1576.8222222222223,0
9,52735,13,82,0,1,188,191,2,693,3766.8571428571427,0
6,36,842,2,0,0,1,4,0,221,0.04389086595492289,1
10,4689,313,84,1,1,129,22,0,496,14.936305732484076,0
10,406,264,6,0,0,29,0,0,2,1.5358490566037737,1
5,1523,33,79,0,1,110,124,3,1015,44.8235294117647,0
5,243,36,8,0,0,2,4,0,361,6.594594594594595,1
17,1081,10,88,0,1,195,199,14,3103,98.36363636363636,0
5,116,37,6,0,1,21,1,0,32,3.0789473684210527,1
10,400,124,5,0,0,4,4,0,340,3.208,1
5,667,614,63,0,1,128,0,19,1316,1.0861788617886179,0
6,19,66,5,0,1,15,3,0,331,0.29850746268656714,1
6,510,30,78,1,1,146,209,9,1891,16.483870967741936,0
6,3713,31,83,0,1,46,33,23,218,116.0625,0
4,30,57,5,0,0,25,10,1,5,0.5344827586206896,1
7,15982,14,77,0,1,129,265,20,845,1065.5333333333333,0
8,359,57,95,0,1,136,83,14,2065,6.206896551724138,0
9,63,473,5,0,1,2,0,1,311,0.1350210970464135,1
12,1661,38,86,0,0,87,69,0,1491,42.61538461538461,0
10,1027,68,75,0,1,194,68,0,2959,14.898550724637682,0
16,16691,261,85,1,1,94,82,7,518,63.70992366412214,0
10,783,27,87,0,1,30,0,14,467,28.0,0
8,552,61,4,0,0,5,0,0,256,8.919354838709678,1
8,18065,958,83,1,1,28,108,23,2646,18.83837330552659,0
8,14774,12,77,1,1,126,0,24,3425,1136.5384615384614,0
4,89654,342,88,0,1,180,145,9,785,261.38483965014575,0
7,5015,1094,80,1,1,78,0,12,2896,4.580821917808219,0
5,2182,2754,92,0,1,65,210,10,3833,0.7923774954627949,0
11,23,453,5,0,1,14,2,0,150,0.05286343612334802,1
6,24874,964,84,1,1,135,196,14,1715,25.77720207253886,0
7,671,550,72,0,1,84,211,24,239,1.219600725952813,0
17,876,117,68,0,1,21,327,8,2866,7.432203389830509,0
16,890,147,89,0,1,146,342,9,3399,6.02027027027027,0
14,53750,150,90,0,1,136,112,22,547,355.9668874172185,0
10,16,54,5,0,0,7,0,0,371,0.3090909090909091,1
4,1395,169,82,0,1,23,63,14,3383,8.211764705882352,0
9,51,81,9,0,0,3,0,0,308,0.6341463414634146,1
11,138,437,3,0,0,3,4,0,77,0.317351598173516,1
4,376,605,59,0,1,135,296,2,3995,0.6221122112211221,0
17,23350,13,81,0,1,146,229,18,3103,1667.9285714285713,0
6,4016,2303,69,0,1,12,252,18,2799,1.7434895833333333,0
10,12497,2417,66,0,1,59,63,2,211,5.168734491315137,0
11,20097,492,81,0,1,49,167,9,1238,40.766734279918865,0
14,25966,16,80,0,1,172,33,0,2591,1527.4705882352941,0
10,359,1488,81,1,1,127,242,11,3396,0.24177300201477503,0
6,201,370,8,0,0,25,7,0,4,0.5444743935309974,1
8,12243,1878,88,0,1,72,274,14,2733,6.516232038318255,0
6,154,100,7,0,1,15,2,0,27,1.5346534653465347,1
12,843,1752,84,0,1,174,0,8,2502,0.4814603536794067,0
12,2947,52,74,0,1,86,0,17,867,55.62264150943396,0
6,1912,18,69,1,1,7,248,8,2178,100.6842105263158,0
14,6669,74,80,0,1,27,160,10,1440,88.93333333333334,0
14,1332,398,92,1,1,62,124,16,2733,3.3408521303258145,0
6,105,292,8,0,0,9,0,0,107,0.36177474402730375,1
6,4390,328,83,0,1,17,125,33,1343,13.346504559270517,0
10,9364,104,84,1,1,166,34,0,2107,89.19047619047619,0
13,50240,121,78,0,1,14,138,10,3738,411.8114754098361,0
5,105,208,1,0,0,16,0,0,20,0.507177033492823,1
6,22,256,3,0,0,11,0,0,233,0.08949416342412451,1
11,370,296,11,0,0,15,0,0,386,1.2491582491582491,1
4,71863,1203,83,0,1,143,216,4,1991,59.68770764119601,0
7,2915,2852,77,0,1,39,0,0,1865,1.0220820189274449,0
7,102,53,2,0,0,21,3,0,54,1.9074074074074074,1
7,58,406,5,0,0,4,1,0,47,0.14496314496314497,1
10,5322,12,81,0,1,178,67,19,3121,409.46153846153845,0
7,41,307,5,0,0,5,0,1,20,0.13636363636363635,1
5,5634,161,70,0,1,107,115,19,2380,34.78395061728395,0
5,641,32,77,0,1,48,169,7,206,19.454545454545453,0
6,1236,370,75,1,1,84,0,19,2445,3.334231805929919,0
8,48,130,5,0,0,19,3,0,125,0.37404580152671757,1
11,17,59,5,0,1,13,1,0,19,0.3,1
17,11352,183,89,0,0,18,96,13,1251,61.70108695652174,0
10,12401,617,72,1,1,63,199,6,1844,20.067961165048544,0
4,61008,232,76,0,1,8,115,6,617,261.84120171673817,0
11,5427,10,69,0,1,59,40,6,3909,493.45454545454544,0
7,53,198,4,0,0,5,8,0,268,0.271356783919598,1
6,597,1429,90,0,1,91,283,12,2885,0.41818181818181815,0
7,69,389,2,0,0,7,0,0,228,0.1794871794871795,1
6,1931,1060,73,1,1,88,65,0,2590,1.820923656927427,0
10,27144,1540,72,1,1,127,117,9,3680,17.615184944841012,0
4,152,402,2,0,0,29,0,0,100,0.37965260545905705,1
16,12865,67,87,0,1,16,37,21,3955,189.2058823529412,0
8,9316,42,71,0,1,80,270,0,1703,216.67441860465115,0
10,31,342,5,0,1,16,1,0,187,0.09329446064139942,1
17,395,443,74,0,1,46,152,18,1983,0.8918918918918919,0
10,649,12,74,0,0,110,81,12,1304,50.0,0
7,26,52,4,0,0,3,0,0,54,0.5094339622641509,1
10,1704,78,98,0,1,147,199,14,2723,21.582278481012658,0
11,84,75,2,0,1,4,2,0,152,1.118421052631579,1
11,111,36,10,0,0,20,7,0,111,3.027027027027027,1
7,1668,16,97,0,1,103,125,8,2199,98.17647058823529,0
4,31564,120,80,1,1,179,0,6,2039,260.8677685950413,0
15,92252,2210,79,1,1,15,363,0,959,41.72455902306648,0
4,30,416,6,0,0,25,0,0,21,0.07434052757793765,1
6,69,182,4,0,1,11,6,1,293,0.3825136612021858,1
9,12440,837,89,0,1,57,98,0,3295,14.846062052505967,0
14,11338,318,81,1,0,7,0,0,1341,35.54545454545455,0
11,17998,634,86,1,1,51,452,0,721,28.34488188976378,0
9,25,552,5,0,0,16,2,0,382,0.04701627486437613,1
6,146,730,3,0,0,18,4,0,190,0.20109439124487005,1
7,6765,46,77,0,1,110,178,7,3934,143.95744680851064,0
13,31174,24,83,0,1,118,280,18,1437,1247.0,0
17,61265,167,79,0,0,128,227,12,2678,364.67857142857144,0
5,30,56,7,0,0,25,0,0,69,0.543859649122807,1
11,57,379,3,0,0,5,3,0,48,0.15263157894736842,1
7,193,259,9,0,0,0,1,0,27,0.7461538461538462,1
11,23446,22,73,0,1,132,306,2,2760,1019.4347826086956,0
7,10125,170,76,0,1,9,0,7,792,59.21637426900585,0
6,26,101,9,0,1,28,1,1,131,0.2647058823529412,1
14,10245,1583,75,0,1,108,120,12,3427,6.468434343434343,0
4,468,55,6,0,0,13,3,0,176,8.375,1
13,421,1527,64,0,1,104,89,11,3790,0.2761780104712042,0
6,213,102,3,0,0,29,1,0,88,2.0776699029126213,1
6,16493,54,81,0,1,130,118,9,2078,299.8909090909091,0
12,17959,13,62,1,1,6,174,0,1012,1282.857142857143,0
11,7459,286,77,1,1,160,68,10,588,25.993031358885016,0
10,51,310,5,0,0,13,2,0,160,0.16720257234726688,1
8,20,488,4,0,1,26,0,1,234,0.04294478527607362,1
7,21832,165,96,0,1,26,76,12,2216,131.52409638554218,0
9,9653,410,77,0,1,199,249,0,2039,23.48905109489051,0
10,14,31,5,0,0,16,0,0,295,0.46875,1
11,6189,691,81,0,1,11,71,11,3954,8.945086705202312,0
5,17601,362,71,1,1,194,142,0,758,48.490358126721766,0
6,37,110,6,0,0,0,8,0,255,0.34234234234234234,1
6,471,33,74,0,0,137,223,9,1270,13.882352941176471,0
6,292,285,7,0,0,29,5,0,193,1.0244755244755244,1
5,554,54,4,0,0,29,3,0,297,10.090909090909092,1
16,72355,1024,71,0,1,78,0,7,3033,70.59121951219512,0
16,764,1935,63,0,1,43,70,15,3332,0.39514462809917356,0
5,360,40,79,0,1,166,200,16,2669,8.804878048780488,0
11,946,127,64,1,1,167,111,20,1560,7.3984375,0
16,77880,1284,85,1,1,7,172,15,2159,60.60778210116732,0
11,961,467,66,0,1,39,442,16,2300,2.0555555555555554,0
4,803,41,72,0,1,43,282,13,3292,19.142857142857142,0
7,1433,12,75,0,1,64,312,0,653,110.3076923076923,0
16,13299,114,78,0,1,152,162,0,536,115.65217391304348,0
17,35454,242,79,0,1,94,83,7,1418,145.90534979423867,0
5,26178,32,94,0,1,165,153,0,3647,793.3030303030303,0
8,101,888,6,0,0,5,0,0,356,0.11473565804274466,1
15,26620,143,86,0,1,92,401,22,3415,184.86805555555554,0
15,1481,1273,75,0,1,175,14,17,1521,1.163265306122449,0
17,1849,12,97,0,1,48,181,10,657,142.30769230769232,0
4,985,274,96,1,1,70,279,6,2727,3.5854545454545454,0
7,34,164,6,0,0,3,0,0,314,0.21212121212121213,1
12,7176,833,65,0,0,141,206,21,3815,8.605515587529975,0
17,19057,1487,97,0,1,156,196,3,395,12.807795698924732,0
6,22233,365,67,0,1,110,189,13,3936,60.74863387978142,0
7,1537,418,86,0,1,161,135,21,1395,3.6706443914081146,0
4,14228,105,93,1,1,17,115,13,2333,134.23584905660377,0
6,29385,105,89,1,1,109,294,0,3257,277.22641509433964,0
12,85553,13,82,0,1,131,38,6,1068,6111.0,0
12,14580,2791,86,0,0,145,84,3,2777,5.222421203438396,0
9,26,250,1,0,1,1,5,0,102,0.10756972111553785,1
8,1104,610,76,0,1,52,96,11,3033,1.8085106382978724,0
5,287,44,4,0,0,20,1,1,250,6.4,1
7,21,35,6,0,0,17,3,0,113,0.6111111111111112,1
16,12369,38,82,0,1,168,71,7,3301,317.1794871794872,0
10,36303,492,71,1,1,152,52,0,2941,73.63894523326572,0
5,75,185,4,0,1,4,4,1,330,0.40860215053763443,1
9,2547,698,83,0,1,175,228,13,1577,3.6452074391988556,0
8,3032,346,68,0,1,149,169,18,1639,8.740634005763688,0
17,500,287,100,1,1,18,0,6,3454,1.7395833333333333,0
5,22,257,4,0,1,3,1,3,267,0.08914728682170543,1
11,329,39,66,0,0,12,130,10,1986,8.25,0
12,1576,280,71,0,1,6,185,15,1443,5.612099644128114,0
8,1693,255,69,0,1,191,114,3,1262,6.6171875,0
7,610,671,5,0,1,4,0,0,207,0.9092261904761905,1
9,49366,719,94,1,1,10,46,4,994,68.56527777777778,0
4,59164,11,76,1,1,138,74,23,664,4930.416666666667,0
10,800,85,90,0,1,21,21,2,921,9.313953488372093,0
5,94,129,6,0,0,14,0,0,295,0.7307692307692307,1
9,61633,2484,85,0,1,130,295,9,1453,24.802414486921528,0
10,1004,18,78,0,1,92,254,25,1742,52.89473684210526,0
9,61317,1477,77,1,1,124,112,18,1753,41.487144790257105,0
8,1586,13,88,0,1,149,134,1,1689,113.35714285714286,0
9,61474,20,78,0,1,198,0,3,2170,2927.3809523809523,0
5,16752,149,78,0,1,21,328,0,2187,111.68666666666667,0
7,341,114,71,0,1,52,349,7,1724,2.973913043478261,0
6,30,375,9,0,1,6,4,0,157,0.08244680851063829,1
8,823,580,74,0,1,12,154,7,2480,1.4182444061962134,0
5,964,45,80,1,1,138,34,0,1504,20.97826086956522,0
15,1528,184,76,0,1,169,125,13,2492,8.264864864864865,0
5,742,32,6,0,1,2,1,0,94,22.515151515151516,1
13,28037,627,80,0,0,153,34,0,1217,44.646496815286625,0
10,709,553,2,0,1,21,2,0,267,1.2815884476534296,1
15,2426,1127,88,0,1,19,255,2,2585,2.151595744680851,0
16,1878,2760,61,0,1,112,310,7,661,0.6805505251720391,0
4,374,913,4,0,0,29,0,1,367,0.4102844638949672,1
9,68,106,4,0,0,23,11,0,193,0.6448598130841121,1
14,25875,149,75,0,1,170,255,12,319,172.50666666666666,0
6,46694,10,77,0,1,128,0,11,1843,4245.0,0
10,184,37,4,0,0,14,1,0,341,4.868421052631579,1
15,54086,1644,81,0,1,78,30,0,1199,32.87963525835866,0
11,850,49,70,1,1,27,84,10,239,17.02,0
10,29040,39,90,0,1,95,0,12,3178,726.025,0
17,1030,53,76,1,1,72,98,27,1385,19.09259259259259,0
11,1651,178,79,0,1,100,35,6,2085,9.22905027932961,0
6,168,827,1,0,0,6,0,0,102,0.2041062801932367,1
12,3643,142,80,1,1,100,163,21,761,25.482517482517483,0
17,32720,21,86,0,1,31,48,16,2238,1487.3181818181818,0
17,10382,18,90,0,1,55,187,1,3094,546.4736842105264,0
5,9446,55,55,0,1,155,224,12,2108,168.69642857142858,0
11,32,515,5,0,0,27,7,0,38,0.06395348837209303,1
8,3403,813,82,1,0,89,283,11,3161,4.181818181818182,0
9,3711,67,66,0,1,117,184,11,970,54.588235294117645,0
8,46086,55,70,0,1,171,127,4,3189,822.9821428571429,0
7,138,100,1,0,0,8,4,0,79,1.3762376237623761,1
9,9456,375,90,0,1,50,392,4,1459,25.15159574468085,0
7,910,88,93,0,1,48,104,12,2509,10.235955056179776,0
8,3333,43,91,0,1,6,161,4,1713,75.77272727272727,0
17,2181,65,96,1,0,18,162,18,1798,33.06060606060606,0
12,2347,94,80,1,1,93,122,9,3361,24.71578947368421,0
7,80487,430,90,0,1,178,0,23,3287,186.74709976798144,0
7,79176,128,87,0,1,5,231,9,3299,613.7751937984497,0
9,53534,1315,97,1,1,105,4,13,918,40.68009118541033,0
13,21212,1205,86,0,1,31,248,1,222,17.58955223880597,0
12,1090,32,71,1,1,88,222,10,1677,33.06060606060606,0
14,2410,22,96,0,1,177,73,15,3261,104.82608695652173,0
5,77222,30,92,1,1,160,128,9,3333,2491.064516129032,0
10,2069,660,66,0,1,118,243,1,1416,3.1316187594553706,0
7,52425,542,77,0,1,75,268,6,1630,96.548802946593,0
12,43794,160,88,0,1,88,177,5,3469,272.01863354037266,0
10,22,187,6,0,0,20,1,0,361,0.12234042553191489,1
8,31,77,6,0,1,15,4,1,46,0.41025641025641024,1
11,91,94,7,0,1,0,0,0,318,0.968421052631579,1
15,25651,17,76,0,1,171,88,11,3514,1425.111111111111,0
9,7054,873,75,0,1,187,262,11,1972,8.0720823798627,0
11,72,174,3,0,0,26,6,0,265,0.41714285714285715,1
17,3129,850,89,0,1,84,261,11,585,3.6780258519388953,0
10,100,115,6,0,1,16,3,0,202,0.8706896551724138,1
12,978,32,84,0,1,139,206,7,2076,29.666666666666668,0
16,7234,17,97,0,1,152,382,11,730,401.94444444444446,0
4,35324,15,91,1,1,180,0,12,2577,2207.8125,0
6,77549,1002,84,1,1,8,61,0,2607,77.31804586241276,0
8,28,32,5,0,1,13,3,0,30,0.8787878787878788,1
15,5041,108,67,1,1,104,109,17,3791,46.25688073394495,0
16,955,1824,71,0,1,114,163,9,2578,0.5238356164383562,0
6,36677,75,76,0,1,157,344,3,3177,482.60526315789474,0
5,61,413,5,0,0,16,5,1,250,0.1497584541062802,1
7,43,360,7,0,0,5,5,2,265,0.12188365650969529,1
12,47427,79,96,0,1,61,181,1,2886,592.85,0
14,74411,401,92,0,1,97,118,17,686,185.1044776119403,0
10,110,61,3,0,0,2,9,0,193,1.7903225806451613,1
4,37828,10,74,0,1,154,119,6,2021,3439.0,0
7,470,2636,93,0,1,43,0,0,2511,0.17861205915813425,0
8,18,303,8,0,1,4,0,1,53,0.0625,1
9,1151,239,76,1,1,19,0,16,3024,4.8,0
8,434,986,7,0,1,8,1,2,143,0.44072948328267475,1
6,78515,296,59,1,1,161,169,21,2065,264.3636363636364,0
11,191,65,3,0,0,12,6,0,367,2.909090909090909,1
8,12177,11,86,0,1,138,273,7,1554,1014.8333333333334,0
17,70844,90,79,0,1,91,231,4,2668,778.5164835164835,0
4,4712,73,91,0,1,176,0,6,2454,63.689189189189186,0
16,415,2499,64,1,0,172,267,0,1048,0.1664,0
13,40581,623,99,1,1,99,33,2,2448,65.03525641025641,0
6,996,384,82,0,1,180,2,17,1936,2.5896103896103897,0
9,20,64,4,0,1,19,5,0,1,0.3230769230769231,1
9,10,143,4,0,0,22,1,0,176,0.0763888888888889,1
11,67540,51,78,0,1,59,355,4,602,1298.8653846153845,0
10,3984,977,83,0,1,105,276,10,1817,4.074642126789366,0
9,1195,1533,70,0,1,47,137,12,2293,0.7796610169491526,0
4,874,943,1,0,0,24,4,0,69,0.926906779661017,1
11,1805,339,78,1,1,82,253,12,238,5.311764705882353,0
13,25565,458,73,0,0,160,217,15,3893,55.69934640522876,0
17,82125,10,92,1,1,56,233,23,2460,7466.0,0
8,21221,12,68,0,1,36,0,17,800,1632.4615384615386,0
11,944,162,4,0,1,19,0,0,81,5.7975460122699385,1
4,143,70,3,0,1,13,0,1,112,2.028169014084507,1
8,47,179,9,0,0,8,2,0,193,0.26666666666666666,1
7,1529,311,89,0,1,115,131,9,433,4.903846153846154,0
14,2688,40,86,1,1,30,197,0,2129,65.58536585365853,0
5,18,81,6,0,1,0,0,0,254,0.23170731707317074,1
10,51,263,6,0,1,6,5,0,198,0.19696969696969696,1
8,11851,166,93,0,1,28,213,17,2356,70.97005988023952,0
10,8939,306,74,1,1,63,302,10,830,29.120521172638437,0
16,15285,10,79,0,1,117,153,20,518,1389.6363636363637,0
7,633,44,6,0,0,17,3,0,39,14.088888888888889,1
7,92236,17,78,1,1,120,0,14,2791,5124.277777777777,0
13,67379,510,73,1,1,120,360,5,571,131.8590998043053,0
4,20666,61,90,0,1,79,268,10,3497,333.33870967741933,0
13,8589,2280,86,1,1,175,394,25,1092,3.7658921525646645,0
5,1502,3150,75,0,1,186,53,7,1789,0.47699143129165344,0
12,5714,357,76,0,1,75,202,4,2360,15.96368715083799,0
10,350,34,63,1,1,188,208,10,920,10.028571428571428,0
7,17,472,6,0,0,25,0,0,208,0.03805496828752643,1
7,7421,2415,71,1,1,59,0,11,838,3.072019867549669,0
11,43,100,2,0,0,9,1,0,271,0.43564356435643564,1
9,35,146,3,0,1,19,1,0,30,0.24489795918367346,1
10,19398,397,84,0,1,156,217,10,2397,48.74120603015076,0
4,33828,789,73,1,1,185,282,6,306,42.821518987341776,0
14,2778,936,76,0,1,138,177,11,1925,2.965848452508004,0
6,27,781,5,0,1,13,0,0,16,0.03580562659846547,1
5,14,52,5,0,1,7,6,0,216,0.2830188679245283,1
10,2404,101,76,0,1,54,310,8,1027,23.57843137254902,0
8,607,742,2,0,1,2,0,0,145,0.8183041722745625,1
5,1120,59,83,0,1,99,0,10,1188,18.683333333333334,0
9,13,392,6,0,0,19,0,2,150,0.035623409669211195,1
10,742,389,77,1,1,18,0,18,916,1.905128205128205,0
10,686,197,87,1,1,88,361,24,1158,3.4696969696969697,0
14,23058,20,67,0,1,22,364,6,2713,1098.047619047619,0
4,267,86,5,0,0,15,3,1,364,3.0804597701149423,1
7,322,236,6,0,1,7,7,0,145,1.3628691983122363,1
6,10,34,1,0,0,7,1,0,372,0.3142857142857143,1
13,2885,35,85,0,1,152,0,24,1075,80.16666666666667,0
4,326,3019,71,1,1,110,64,17,3695,0.10827814569536424,0
11,54908,278,81,1,1,74,96,6,1487,196.80645161290323,0
8,137,67,8,0,0,6,3,0,106,2.0294117647058822,1
5,116,44,4,0,1,14,0,0,84,2.6,1
9,1930,2715,74,1,1,86,160,1,3341,0.7109720176730486,0
12,59776,10,88,0,0,102,277,17,855,5434.272727272727,0
8,4673,12,73,1,1,184,0,9,3988,359.53846153846155,0
17,19751,18,73,0,1,89,60,0,1376,1039.578947368421,0
4,1264,141,79,1,1,14,40,10,1969,8.908450704225352,0
6,979,394,4,0,1,17,3,0,87,2.481012658227848,1
17,88828,54,92,0,1,22,224,24,3263,1615.0727272727272,0
16,2952,29,88,0,1,80,106,5,700,98.43333333333334,0
7,449,100,5,0,1,3,0,0,352,4.455445544554456,1
15,83086,1311,75,0,1,99,375,0,1788,63.328506097560975,0
4,228,645,4,0,1,27,0,0,341,0.3544891640866873,1
10,1546,27,66,1,0,11,195,8,1120,55.25,0
7,501,40,88,1,1,73,114,11,3784,12.24390243902439,0
13,41593,33,83,1,1,146,295,1,1239,1223.3529411764705,0
8,39,184,2,0,0,0,5,0,15,0.21621621621621623,1
9,7225,39,91,0,1,121,322,8,405,180.65,0
11,289,977,4,0,1,13,6,0,353,0.2965235173824131,1
14,8149,2402,88,0,1,150,36,23,1087,3.3915938410320434,0
4,880,40,7,0,0,16,1,0,161,21.48780487804878,1
13,1353,730,83,0,1,185,94,6,913,1.8522571819425444,0
5,208,128,7,0,0,14,2,0,150,1.62015503875969,1
8,49,425,6,0,0,10,8,0,68,0.11737089201877934,1
5,607,19,76,0,1,71,173,2,3923,30.4,0
8,1053,135,88,0,1,139,198,3,482,7.75,0
15,342,15,77,0,1,135,239,5,2411,21.4375,0
9,24156,241,76,1,0,52,104,13,2163,99.82231404958678,0
10,5151,18,74,0,1,53,281,13,2160,271.1578947368421,0
10,938,43,91,1,1,172,104,12,1891,21.34090909090909,0
4,10,703,8,0,1,0,0,1,79,0.015625,1
5,563,69,77,0,1,93,238,0,2720,8.057142857142857,0
8,1072,152,93,1,1,20,284,15,814,7.0130718954248366,0
17,31168,308,75,0,1,144,0,15,3498,100.8705501618123,0
7,4132,14,70,0,1,30,29,19,1983,275.53333333333336,0
10,159,321,5,0,1,24,0,0,241,0.4968944099378882,1
13,11530,1671,85,0,1,156,15,1,630,6.896531100478469,0
15,1531,183,102,1,1,110,69,0,588,8.326086956521738,0
16,4477,1851,93,0,1,68,111,11,3865,2.41792656587473,0
16,10775,2911,76,0,1,171,267,6,2184,3.7005494505494507,0
14,465,422,68,0,1,143,97,14,1265,1.1016548463356974,0
10,26,520,6,0,0,23,1,1,319,0.05182341650671785,1
8,499,845,7,0,0,14,0,0,49,0.5910165484633569,1
4,4249,2490,73,1,1,173,95,18,2486,1.7061421116017663,0
8,117,70,5,0,0,10,0,0,126,1.6619718309859155,1
5,22,31,9,0,0,29,0,0,240,0.71875,1
15,2134,28,73,0,1,163,163,10,3902,73.62068965517241,0
7,49220,900,75,0,1,135,217,19,1642,54.62930077691454,0
9,9703,74,75,0,1,65,30,0,3418,129.38666666666666,0
4,1075,86,74,1,1,84,146,7,2058,12.367816091954023,0
10,5847,1258,82,0,1,60,216,26,1667,4.644956314535346,0
14,32869,10,71,0,1,175,101,16,3941,2988.181818181818,0
14,6178,959,78,1,1,8,112,16,1557,6.436458333333333,0
8,1518,1944,75,0,1,177,133,7,3092,0.7809768637532134,0
16,14269,635,73,0,1,128,65,3,2540,22.437106918238992,0
8,228,291,5,0,1,8,0,1,83,0.7842465753424658,1
8,66,322,7,0,0,28,1,0,155,0.20743034055727555,1
13,565,1011,95,1,1,100,321,18,1610,0.5592885375494071,0
6,29,171,4,0,1,23,0,0,384,0.1744186046511628,1
7,2958,1126,79,1,1,184,114,7,1829,2.6255545696539486,0
12,18420,2923,80,0,1,192,228,13,3931,6.299931600547196,0
7,41,72,5,0,0,11,0,0,281,0.5753424657534246,1
10,268,224,3,0,1,17,3,0,160,1.1955555555555555,1
10,1632,137,74,1,0,14,81,0,2698,11.833333333333334,0
11,3870,217,97,1,1,124,170,3,3116,17.756880733944953,0
5,320,87,6,0,1,26,3,0,380,3.647727272727273,1
9,293,187,6,0,0,7,4,1,3,1.5638297872340425,1
6,165,128,5,0,0,25,3,1,69,1.2868217054263567,1
11,11,182,3,0,0,22,0,0,275,0.06557377049180328,1
6,29,241,7,0,1,5,3,0,163,0.12396694214876033,1
8,30428,475,84,0,1,168,2,24,1020,63.9264705882353,0
7,7315,370,97,0,1,191,290,13,1533,19.71967654986523,0
5,990,678,83,0,1,153,101,5,2268,1.4594992636229749,0
4,389,2884,79,0,1,121,123,30,3220,0.13518197573656845,0
4,35,118,6,0,1,26,9,0,104,0.3025210084033613,1
10,1755,13,78,0,1,149,241,6,1622,125.42857142857143,0
13,744,961,83,1,1,113,0,4,266,0.7744282744282744,0
17,3173,30,74,0,1,147,176,21,956,102.38709677419355,0
8,90,202,5,0,0,29,0,0,61,0.4482758620689655,1
8,364,51,6,0,0,27,1,1,212,7.019230769230769,1
5,1030,772,89,0,1,62,106,8,2697,1.333764553686934,0
6,15,220,7,0,0,13,2,1,312,0.07239819004524888,1
5,373,684,7,0,0,14,6,1,53,0.545985401459854,1
10,168,126,1,0,0,13,2,1,178,1.330708661417323,1
15,19692,248,61,0,1,51,225,18,1779,79.08835341365462,0
12,37473,547,82,0,0,25,83,0,334,68.38321167883211,0
11,283,226,4,0,0,22,6,0,111,1.251101321585903,1
4,711,527,4,0,1,1,5,0,271,1.3484848484848484,1
7,630,47,7,0,1,25,2,0,181,13.145833333333334,1
9,23,867,10,0,0,1,3,0,373,0.027649769585253458,1
9,1772,64,73,0,1,195,117,19,2171,27.276923076923076,0
9,477,137,9,0,0,6,3,0,374,3.463768115942029,1
10,20,364,4,0,0,23,1,0,228,0.057534246575342465,1
5,1499,539,73,0,1,147,255,5,2645,2.7777777777777777,0
16,24842,309,74,1,1,103,95,0,2827,80.13870967741936,0
7,1005,862,86,0,1,49,88,5,548,1.1657010428736965,0
17,3900,284,80,0,1,103,217,12,758,13.687719298245614,0
10,845,1468,77,1,1,76,0,24,2150,0.5759019741320627,0
7,750,32,4,0,0,29,0,0,87,22.757575757575758,1
11,1435,12,73,0,1,56,314,17,2943,110.46153846153847,0
6,15,95,2,0,1,29,4,0,152,0.16666666666666666,1
8,294,432,3,0,0,25,1,1,310,0.6812933025404158,1
6,3060,2925,78,0,1,129,288,11,1467,1.046138072453862,0
4,49,60,0,0,0,0,0,0,275,0.819672131147541,1
17,13342,1823,65,1,1,142,145,5,2939,7.3152412280701755,0
9,39725,79,78,1,1,160,0,3,3455,496.575,0
7,41,595,4,0,0,3,0,0,46,0.07046979865771812,1
5,20625,484,76,0,1,140,0,4,2614,42.52783505154639,0
9,34,43,2,0,0,7,0,0,102,0.7954545454545454,1
6,23,206,9,0,0,20,2,0,389,0.11594202898550725,1
8,819,658,4,0,0,25,4,0,311,1.244309559939302,1
11,42,226,6,0,0,20,0,0,112,0.1894273127753304,1
4,5626,18,71,1,1,46,249,0,3268,296.1578947368421,0
13,423,171,74,1,1,151,285,10,1204,2.4651162790697674,0
8,516,92,3,0,1,25,2,1,354,5.559139784946237,1
7,5678,1790,73,0,0,125,16,15,3839,3.170854271356784,0
5,1391,89,76,0,1,116,192,13,3700,15.466666666666667,0
13,1311,11,83,0,1,198,194,0,263,109.33333333333333,0
9,97,109,11,0,1,11,0,0,250,0.8909090909090909,1
5,13262,1610,71,0,1,101,53,9,2370,8.232774674115456,0
4,323,794,7,0,0,24,1,0,110,0.4075471698113208,1
6,96,87,5,0,1,17,5,0,44,1.1022727272727273,1
7,32,174,5,0,0,29,5,0,111,0.18857142857142858,1
5,6679,1284,72,0,1,157,107,0,1340,5.198443579766537,0
7,8524,30,88,1,1,71,385,12,2439,275.0,0
10,4077,450,85,0,1,138,120,3,1351,9.042128603104214,0
11,205,55,2,0,1,21,0,0,36,3.6785714285714284,1
8,21,64,5,0,1,15,2,1,100,0.3384615384615385,1
7,1603,234,65,0,1,46,113,17,3548,6.825531914893617,0
5,12,79,5,0,1,1,3,0,82,0.1625,1
9,403,125,3,0,0,21,1,0,119,3.2063492063492065,1
5,1190,42,98,1,1,55,452,24,834,27.697674418604652,0
11,5067,2640,85,0,1,86,141,11,2537,1.9189700870882243,0
11,10,71,7,0,1,5,0,0,102,0.1527777777777778,1
4,741,88,85,0,1,49,0,4,1646,8.337078651685394,0
14,43041,296,92,0,1,44,132,9,3804,144.92255892255892,0
10,210,591,9,0,1,1,2,0,48,0.3564189189189189,1
13,1623,300,81,1,1,27,224,0,1429,5.395348837209302,0
13,49077,128,74,1,1,139,207,19,1057,380.4496124031008,0
16,436,1633,79,0,1,17,81,14,3647,0.26744186046511625,0
11,30611,168,70,0,1,181,16,0,2902,181.1360946745562,0
8,537,139,7,0,0,8,0,0,136,3.842857142857143,1
7,1931,16,79,0,1,104,0,12,2412,113.6470588235294,0
9,183,44,4,0,0,14,0,0,269,4.088888888888889,1
10,1982,3034,85,0,1,116,284,16,242,0.6533772652388797,0
5,2090,1124,71,0,1,149,0,3,3302,1.8586666666666667,0
11,369,588,77,1,1,69,320,0,2682,0.6281833616298812,0
6,97454,10,76,0,1,93,174,7,3074,8859.545454545454,0
15,70013,3049,68,0,1,122,146,14,2373,22.955409836065574,0
17,1798,120,81,1,1,87,189,0,2433,14.867768595041323,0
13,905,2382,90,0,1,153,0,14,579,0.3801930339907679,0
6,386,148,77,0,1,53,32,8,3554,2.597315436241611,0
6,27,34,5,0,0,18,2,0,213,0.8,1
12,47168,15,92,0,1,195,52,0,3492,2948.0625,0
5,642,36,6,0,0,7,1,1,44,17.37837837837838,1
10,29174,600,69,0,0,18,223,13,2594,48.544093178036604,0
7,127,350,4,0,1,28,0,2,323,0.3646723646723647,1
11,241,37,3,0,0,5,3,1,213,6.368421052631579,1
10,22,37,3,0,0,27,0,1,322,0.6052631578947368,1
10,557,101,8,0,1,17,4,0,235,5.470588235294118,1
6,874,479,5,0,0,24,2,0,160,1.8229166666666667,1
7,202,337,3,0,1,18,3,0,61,0.6005917159763313,1
13,3103,18,90,0,1,139,73,7,2628,163.3684210526316,0
8,9619,29,76,0,1,94,67,2,3079,320.6666666666667,0
14,1487,313,71,0,1,81,196,10,860,4.738853503184713,0
5,32,455,3,1,0,13,0,0,211,0.07236842105263158,1
15,5429,192,70,0,1,125,54,0,2448,28.134715025906736,0
14,790,10,79,0,1,77,83,1,2996,71.9090909090909,0
4,60003,11,84,0,1,26,146,19,2373,5000.333333333333,0
11,91561,843,79,1,1,109,0,7,2087,108.48578199052133,0
15,45837,329,75,0,1,34,212,5,922,138.9030303030303,0
13,1335,646,82,0,0,92,0,14,1135,2.064914992272025,0
6,6503,568,77,1,1,78,65,17,972,11.430579964850615,0
13,34870,18,90,0,1,21,142,3,493,1835.3157894736842,0
14,652,135,80,1,1,93,188,3,1099,4.801470588235294,0
9,67,141,4,0,0,5,3,2,101,0.4788732394366197,1
14,6339,299,79,0,1,62,212,4,2182,21.133333333333333,0
10,163,618,1,0,1,16,1,1,321,0.2649434571890145,1
13,2358,21,68,1,1,19,157,0,639,107.22727272727273,0
10,543,61,92,0,1,167,148,1,3819,8.774193548387096,0
6,15,293,4,0,1,25,0,0,366,0.05442176870748299,1
16,362,13,102,1,1,111,173,1,2651,25.928571428571427,0
16,7537,106,84,0,1,117,186,5,354,70.44859813084112,0
9,66300,2752,98,0,1,139,111,13,1423,24.083181983290956,0
13,15523,27,80,1,1,124,143,11,1723,554.4285714285714,0
5,20,41,7,0,0,24,6,0,268,0.5,1
4,17000,184,81,0,1,119,342,13,3010,91.8972972972973,0
4,88092,574,90,0,1,5,234,16,1041,153.20521739130436,0
6,5663,578,69,0,1,17,37,13,3215,9.782383419689118,0
10,1249,36,77,0,1,15,200,11,2363,33.78378378378378,0
11,56,518,7,0,1,11,1,0,6,0.10982658959537572,1
9,944,114,3,0,1,23,6,1,164,8.217391304347826,1
7,17412,847,88,0,1,167,258,13,1021,20.534198113207548,0
6,94002,839,92,1,1,162,68,7,1402,111.90833333333333,0
7,5383,29,84,0,1,180,196,13,1144,179.46666666666667,0
6,1820,10,90,0,1,39,180,2,251,165.54545454545453,0
7,195,90,5,0,1,11,2,0,80,2.1538461538461537,1
12,509,1173,83,0,1,110,120,3,2308,0.434412265758092,0
16,398,232,93,1,1,180,0,2,3762,1.7124463519313304,0
5,51979,41,90,0,1,188,220,10,231,1237.6190476190477,0
4,4819,2680,77,0,1,114,83,8,2789,1.7978366281238345,0
14,34745,1348,83,0,1,87,113,18,3433,25.756856931060046,0
5,85792,45,72,0,0,184,179,13,2528,1865.0652173913043,0
11,927,77,73,0,1,158,167,13,823,11.897435897435898,0
10,2122,10,61,0,1,139,220,8,3922,193.0,0
4,24712,18,72,0,1,71,33,0,688,1300.6842105263158,0
9,6129,285,79,1,1,21,147,4,2344,21.433566433566433,0
4,10686,39,92,0,1,146,294,9,2025,267.175,0
8,15818,769,70,1,1,13,95,15,3705,20.544155844155846,0
17,6812,445,62,1,1,144,12,16,800,15.27578475336323,0
17,25940,1619,85,0,1,67,12,10,2649,16.012962962962963,0
9,403,143,78,0,1,61,52,11,843,2.8055555555555554,0
11,35305,245,80,1,1,97,243,6,784,143.52032520325204,0
14,3631,188,82,0,1,16,190,25,3764,19.21693121693122,0
13,2837,879,80,0,1,80,0,5,389,3.225,0
6,205,47,6,0,1,13,0,0,214,4.291666666666667,1
11,270,173,5,0,1,13,5,1,15,1.5574712643678161,1
5,40,954,4,0,1,1,5,0,324,0.04293193717277487,1
13,50225,13,81,0,1,110,79,12,2389,3587.5714285714284,0
10,49,438,6,0,0,6,2,0,142,0.11389521640091116,1
17,61026,184,81,0,1,66,297,14,1679,329.87567567567567,0
5,93371,124,88,1,1,20,0,15,1403,746.976,0
13,588,217,81,1,1,189,105,10,2383,2.7018348623853212,0
9,47008,78,93,1,1,48,187,19,3408,595.0506329113924,0
4,48031,56,70,1,1,105,157,6,640,842.6666666666666,0
14,3258,2068,76,1,1,114,174,0,2960,1.5751570807153215,0
10,15816,2786,90,1,1,81,174,17,3306,5.675278076785074,0
15,22364,221,79,0,1,175,0,11,2448,100.74324324324324,0
10,59451,36,71,1,1,81,162,6,2215,1606.8108108108108,0
11,1370,163,80,0,1,32,271,3,2403,8.359756097560975,0
12,318,58,74,0,1,94,110,15,1176,5.406779661016949,0
5,14944,47,78,0,1,199,89,1,2943,311.3541666666667,0
7,1305,97,85,0,1,191,287,7,1722,13.326530612244898,0
8,24,159,7,0,1,11,2,0,158,0.15625,1
15,359,207,73,1,1,33,89,14,1995,1.7307692307692308,0
11,5432,16,92,0,1,82,42,9,2216,319.5882352941176,0
9,13,202,1,0,0,28,0,0,311,0.06896551724137931,1
5,38,207,4,0,0,19,2,0,320,0.1875,1
12,6059,702,94,0,1,25,60,3,1298,8.620199146514937,0
12,59223,92,96,1,1,57,306,4,1722,636.8172043010753,0
4,78783,648,92,0,1,171,224,0,1472,121.39291217257319,0
8,2143,300,90,0,1,188,226,8,3695,7.122923588039867,0
8,5693,1433,85,0,1,149,88,6,1577,3.9707112970711296,0
15,1030,547,87,0,1,115,320,8,1452,1.8813868613138687,0
11,512,810,5,0,1,23,6,0,67,0.6325524044389642,1
9,5753,32,63,1,1,124,154,19,3346,174.36363636363637,0
4,16633,47,90,1,1,44,14,2,3979,346.5416666666667,0
14,61789,103,85,0,1,106,82,0,360,594.1346153846154,0
6,117,33,4,0,0,22,8,0,252,3.4705882352941178,1
17,22751,26,91,0,1,139,126,7,2521,842.6666666666666,0
11,11,267,5,0,0,3,5,0,368,0.04477611940298507,1
9,15,514,3,0,0,29,0,0,347,0.031067961165048542,1
8,14919,11,79,0,1,145,167,0,2567,1243.3333333333333,0
7,7858,130,63,0,1,33,211,17,3217,59.99236641221374,0
12,9826,264,83,0,1,39,230,2,3431,37.08301886792453,0
11,55484,2606,76,0,1,79,245,5,2729,21.28308400460299,0
4,64026,15,85,0,1,30,191,4,3094,4001.6875,0
16,1065,181,85,0,1,122,11,19,3685,5.857142857142857,0
5,652,154,87,1,1,125,149,10,2798,4.212903225806452,0
10,65452,16,74,0,1,29,212,5,2227,3850.176470588235,0
4,15268,114,80,0,1,130,0,15,3382,132.77391304347827,0
12,53573,255,76,0,0,182,0,7,642,209.2734375,0
12,30825,810,68,1,1,143,105,15,1365,38.0098643649815,0
11,1705,30,73,0,1,13,273,6,3738,55.03225806451613,0
